<?xml version="1.0" encoding="UTF-8"?>
<project-private xmlns="http://www.netbeans.org/ns/project-private/1">
    <editor-bookmarks xmlns="http://www.netbeans.org/ns/editor-bookmarks/2" lastBookmarkId="0"/>
    <open-files xmlns="http://www.netbeans.org/ns/projectui-open-files/2">
        <group>
            <file>file:/C:/Users/Luke_/OneDrive/Desktop/Year%202%20-%20Semester%202/Data%20Structures%20And%20Algorithms/Project/VacinationProgram/src/vacinationprogram/VacinationProgramGUI.java</file>
            <file>file:/C:/Users/Luke_/OneDrive/Desktop/Year%202%20-%20Semester%202/Data%20Structures%20And%20Algorithms/Project/VacinationProgram/src/vacinationprogram/VacinationProgram.java</file>
            <file>file:/C:/Users/Luke_/OneDrive/Desktop/Year%202%20-%20Semester%202/Data%20Structures%20And%20Algorithms/Project/VacinationProgram/src/vacinationprogram/Patient.java</file>
            <file>file:/C:/Users/Luke_/OneDrive/Desktop/Year%202%20-%20Semester%202/Data%20Structures%20And%20Algorithms/Project/VacinationProgram/src/vacinationprogram/PQInterface.java</file>
            <file>file:/C:/Users/Luke_/OneDrive/Desktop/Year%202%20-%20Semester%202/Data%20Structures%20And%20Algorithms/Project/VacinationProgram/src/vacinationprogram/PQElement.java</file>
            <file>file:/C:/Users/Luke_/OneDrive/Desktop/Year%202%20-%20Semester%202/Data%20Structures%20And%20Algorithms/Project/VacinationProgram/src/vacinationprogram/MyPriorityQueue.java</file>
        </group>
    </open-files>
</project-private>
